<gradients>
 <gradient name="BlackWhite">
  <gradientData coordinateMode="StretchToDeviceMode" spread="PadSpread" startY="0" endX="1" endY="0" type="LinearGradient" startX="0">
   <stopData position="0">
    <colorData b="0" g="0" a="255" r="0"/>
   </stopData>
   <stopData position="1">
    <colorData b="255" g="255" a="255" r="255"/>
   </stopData>
  </gradientData>
 </gradient>
 <gradient name="Czech">
  <gradientData coordinateMode="StretchToDeviceMode" spread="RepeatSpread" angle="0" centerY="0.5" centerX="0.5" type="ConicalGradient">
   <stopData position="0">
    <colorData b="255" g="255" a="255" r="255"/>
   </stopData>
   <stopData position="0.373979">
    <colorData b="255" g="255" a="255" r="255"/>
   </stopData>
   <stopData position="0.373991">
    <colorData b="255" g="30" a="255" r="33"/>
   </stopData>
   <stopData position="0.624018">
    <colorData b="255" g="30" a="255" r="33"/>
   </stopData>
   <stopData position="0.624043">
    <colorData b="0" g="0" a="255" r="255"/>
   </stopData>
   <stopData position="1">
    <colorData b="0" g="0" a="255" r="255"/>
   </stopData>
  </gradientData>
 </gradient>
 <gradient name="Dutch">
  <gradientData coordinateMode="StretchToDeviceMode" spread="PadSpread" startY="0" endX="0" endY="1" type="LinearGradient" startX="0">
   <stopData position="0">
    <colorData b="0" g="0" a="255" r="255"/>
   </stopData>
   <stopData position="0.339795">
    <colorData b="0" g="0" a="255" r="255"/>
   </stopData>
   <stopData position="0.339799">
    <colorData b="255" g="255" a="255" r="255"/>
   </stopData>
   <stopData position="0.662444">
    <colorData b="255" g="255" a="255" r="255"/>
   </stopData>
   <stopData position="0.662469">
    <colorData b="255" g="0" a="255" r="0"/>
   </stopData>
   <stopData position="1">
    <colorData b="255" g="0" a="255" r="0"/>
   </stopData>
  </gradientData>
 </gradient>
 <gradient name="Eye">
  <gradientData coordinateMode="StretchToDeviceMode" spread="PadSpread" centerY="0.5" focalX="0.5" centerX="0.5" focalY="0.5" radius="0.5" type="RadialGradient">
   <stopData position="0">
    <colorData b="0" g="0" a="255" r="0"/>
   </stopData>
   <stopData position="0.19397">
    <colorData b="0" g="0" a="255" r="0"/>
   </stopData>
   <stopData position="0.202312">
    <colorData b="0" g="97" a="255" r="122"/>
   </stopData>
   <stopData position="0.495514">
    <colorData b="0" g="58" a="255" r="76"/>
   </stopData>
   <stopData position="0.504819">
    <colorData b="255" g="255" a="255" r="255"/>
   </stopData>
   <stopData position="0.79">
    <colorData b="255" g="255" a="255" r="255"/>
   </stopData>
   <stopData position="1">
    <colorData b="158" g="158" a="255" r="255"/>
   </stopData>
  </gradientData>
 </gradient>
 <gradient name="Flare1">
  <gradientData coordinateMode="StretchToDeviceMode" spread="PadSpread" centerY="0.5" focalX="0.5" centerX="0.5" focalY="0.5" radius="0.5" type="RadialGradient">
   <stopData position="0">
    <colorData b="255" g="255" a="255" r="255"/>
   </stopData>
   <stopData position="0.1">
    <colorData b="255" g="255" a="255" r="255"/>
   </stopData>
   <stopData position="0.2">
    <colorData b="176" g="176" a="167" r="255"/>
   </stopData>
   <stopData position="0.3">
    <colorData b="151" g="151" a="92" r="255"/>
   </stopData>
   <stopData position="0.4">
    <colorData b="125" g="125" a="51" r="255"/>
   </stopData>
   <stopData position="0.5">
    <colorData b="76" g="76" a="205" r="255"/>
   </stopData>
   <stopData position="0.52">
    <colorData b="76" g="76" a="205" r="255"/>
   </stopData>
   <stopData position="0.6">
    <colorData b="180" g="180" a="84" r="255"/>
   </stopData>
   <stopData position="1">
    <colorData b="255" g="255" a="0" r="255"/>
   </stopData>
  </gradientData>
 </gradient>
 <gradient name="Flare2">
  <gradientData coordinateMode="StretchToDeviceMode" spread="PadSpread" centerY="0.5" focalX="0.5" centerX="0.5" focalY="0.5" radius="0.5" type="RadialGradient">
   <stopData position="0">
    <colorData b="0" g="0" a="0" r="0"/>
   </stopData>
   <stopData position="0.52">
    <colorData b="0" g="0" a="0" r="0"/>
   </stopData>
   <stopData position="0.565">
    <colorData b="76" g="121" a="33" r="82"/>
   </stopData>
   <stopData position="0.65">
    <colorData b="148" g="235" a="64" r="159"/>
   </stopData>
   <stopData position="0.721925">
    <colorData b="150" g="238" a="129" r="255"/>
   </stopData>
   <stopData position="0.77">
    <colorData b="128" g="128" a="204" r="255"/>
   </stopData>
   <stopData position="0.89">
    <colorData b="255" g="128" a="64" r="191"/>
   </stopData>
   <stopData position="1">
    <colorData b="0" g="0" a="0" r="0"/>
   </stopData>
  </gradientData>
 </gradient>
 <gradient name="Flare3">
  <gradientData coordinateMode="StretchToDeviceMode" spread="PadSpread" centerY="0.5" focalX="0.5" centerX="0.5" focalY="0.5" radius="0.5" type="RadialGradient">
   <stopData position="0">
    <colorData b="235" g="235" a="206" r="255"/>
   </stopData>
   <stopData position="0.35">
    <colorData b="188" g="188" a="80" r="255"/>
   </stopData>
   <stopData position="0.4">
    <colorData b="162" g="162" a="80" r="255"/>
   </stopData>
   <stopData position="0.425">
    <colorData b="132" g="132" a="156" r="255"/>
   </stopData>
   <stopData position="0.44">
    <colorData b="128" g="128" a="80" r="252"/>
   </stopData>
   <stopData position="1">
    <colorData b="255" g="255" a="0" r="255"/>
   </stopData>
  </gradientData>
 </gradient>
 <gradient name="German">
  <gradientData coordinateMode="StretchToDeviceMode" spread="PadSpread" startY="0" endX="0" endY="1" type="LinearGradient" startX="0">
   <stopData position="0">
    <colorData b="0" g="0" a="255" r="0"/>
   </stopData>
   <stopData position="0.33">
    <colorData b="0" g="0" a="255" r="0"/>
   </stopData>
   <stopData position="0.34">
    <colorData b="30" g="30" a="255" r="255"/>
   </stopData>
   <stopData position="0.66">
    <colorData b="0" g="0" a="255" r="255"/>
   </stopData>
   <stopData position="0.67">
    <colorData b="0" g="255" a="255" r="255"/>
   </stopData>
   <stopData position="1">
    <colorData b="0" g="255" a="255" r="255"/>
   </stopData>
  </gradientData>
 </gradient>
 <gradient name="Golden">
  <gradientData coordinateMode="StretchToDeviceMode" spread="PadSpread" angle="0" centerY="0.5" centerX="0.5" type="ConicalGradient">
   <stopData position="0">
    <colorData b="3" g="40" a="255" r="35"/>
   </stopData>
   <stopData position="0.16">
    <colorData b="22" g="106" a="255" r="136"/>
   </stopData>
   <stopData position="0.225">
    <colorData b="41" g="140" a="255" r="166"/>
   </stopData>
   <stopData position="0.285">
    <colorData b="74" g="181" a="255" r="204"/>
   </stopData>
   <stopData position="0.345">
    <colorData b="102" g="219" a="255" r="235"/>
   </stopData>
   <stopData position="0.415">
    <colorData b="112" g="236" a="255" r="245"/>
   </stopData>
   <stopData position="0.52">
    <colorData b="76" g="190" a="255" r="209"/>
   </stopData>
   <stopData position="0.57">
    <colorData b="51" g="156" a="255" r="187"/>
   </stopData>
   <stopData position="0.635">
    <colorData b="42" g="142" a="255" r="168"/>
   </stopData>
   <stopData position="0.695">
    <colorData b="68" g="174" a="255" r="202"/>
   </stopData>
   <stopData position="0.75">
    <colorData b="86" g="202" a="255" r="218"/>
   </stopData>
   <stopData position="0.815">
    <colorData b="73" g="187" a="255" r="208"/>
   </stopData>
   <stopData position="0.88">
    <colorData b="51" g="156" a="255" r="187"/>
   </stopData>
   <stopData position="0.935">
    <colorData b="26" g="108" a="255" r="137"/>
   </stopData>
   <stopData position="1">
    <colorData b="3" g="40" a="255" r="35"/>
   </stopData>
  </gradientData>
 </gradient>
 <gradient name="Japanese">
  <gradientData coordinateMode="StretchToDeviceMode" spread="PadSpread" centerY="0.5" focalX="0.5" centerX="0.5" focalY="0.5" radius="0.5" type="RadialGradient">
   <stopData position="0">
    <colorData b="0" g="0" a="255" r="255"/>
   </stopData>
   <stopData position="0.479904">
    <colorData b="0" g="0" a="255" r="255"/>
   </stopData>
   <stopData position="0.522685">
    <colorData b="255" g="255" a="255" r="255"/>
   </stopData>
   <stopData position="1">
    <colorData b="255" g="255" a="255" r="255"/>
   </stopData>
  </gradientData>
 </gradient>
 <gradient name="Norwegian">
  <gradientData coordinateMode="StretchToDeviceMode" spread="RepeatSpread" startY="0" endX="1" endY="0" type="LinearGradient" startX="0">
   <stopData position="0">
    <colorData b="0" g="0" a="255" r="255"/>
   </stopData>
   <stopData position="0.17">
    <colorData b="0" g="0" a="255" r="255"/>
   </stopData>
   <stopData position="0.18">
    <colorData b="255" g="255" a="255" r="255"/>
   </stopData>
   <stopData position="0.210212">
    <colorData b="255" g="255" a="255" r="255"/>
   </stopData>
   <stopData position="0.220212">
    <colorData b="255" g="16" a="255" r="0"/>
   </stopData>
   <stopData position="0.279897">
    <colorData b="255" g="16" a="255" r="0"/>
   </stopData>
   <stopData position="0.289897">
    <colorData b="255" g="255" a="255" r="255"/>
   </stopData>
   <stopData position="0.32">
    <colorData b="255" g="255" a="255" r="255"/>
   </stopData>
   <stopData position="0.33">
    <colorData b="0" g="0" a="255" r="255"/>
   </stopData>
   <stopData position="1">
    <colorData b="0" g="0" a="255" r="255"/>
   </stopData>
  </gradientData>
 </gradient>
 <gradient name="Pastels">
  <gradientData coordinateMode="StretchToDeviceMode" spread="PadSpread" startY="0" endX="1" endY="0" type="LinearGradient" startX="0">
   <stopData position="0">
    <colorData b="176" g="224" a="255" r="245"/>
   </stopData>
   <stopData position="0.09">
    <colorData b="237" g="189" a="255" r="246"/>
   </stopData>
   <stopData position="0.14">
    <colorData b="246" g="207" a="255" r="194"/>
   </stopData>
   <stopData position="0.19">
    <colorData b="168" g="160" a="255" r="184"/>
   </stopData>
   <stopData position="0.25">
    <colorData b="248" g="186" a="255" r="171"/>
   </stopData>
   <stopData position="0.32">
    <colorData b="224" g="248" a="255" r="243"/>
   </stopData>
   <stopData position="0.385">
    <colorData b="183" g="162" a="255" r="249"/>
   </stopData>
   <stopData position="0.47">
    <colorData b="124" g="115" a="255" r="100"/>
   </stopData>
   <stopData position="0.58">
    <colorData b="202" g="205" a="255" r="251"/>
   </stopData>
   <stopData position="0.65">
    <colorData b="185" g="128" a="255" r="170"/>
   </stopData>
   <stopData position="0.75">
    <colorData b="204" g="222" a="255" r="252"/>
   </stopData>
   <stopData position="0.805">
    <colorData b="218" g="122" a="255" r="206"/>
   </stopData>
   <stopData position="0.86">
    <colorData b="175" g="223" a="255" r="254"/>
   </stopData>
   <stopData position="0.91">
    <colorData b="244" g="236" a="255" r="254"/>
   </stopData>
   <stopData position="1">
    <colorData b="221" g="191" a="255" r="255"/>
   </stopData>
  </gradientData>
 </gradient>
 <gradient name="Polish">
  <gradientData coordinateMode="StretchToDeviceMode" spread="PadSpread" startY="0" endX="0" endY="1" type="LinearGradient" startX="0">
   <stopData position="0">
    <colorData b="255" g="255" a="255" r="255"/>
   </stopData>
   <stopData position="0.495">
    <colorData b="255" g="255" a="255" r="255"/>
   </stopData>
   <stopData position="0.505">
    <colorData b="0" g="0" a="255" r="255"/>
   </stopData>
   <stopData position="1">
    <colorData b="0" g="0" a="255" r="255"/>
   </stopData>
  </gradientData>
 </gradient>
 <gradient name="Rainbow">
  <gradientData coordinateMode="StretchToDeviceMode" spread="PadSpread" startY="0" endX="1" endY="0" type="LinearGradient" startX="0">
   <stopData position="0">
    <colorData b="0" g="0" a="255" r="255"/>
   </stopData>
   <stopData position="0.166">
    <colorData b="0" g="255" a="255" r="255"/>
   </stopData>
   <stopData position="0.333">
    <colorData b="0" g="255" a="255" r="0"/>
   </stopData>
   <stopData position="0.5">
    <colorData b="255" g="255" a="255" r="0"/>
   </stopData>
   <stopData position="0.666">
    <colorData b="255" g="0" a="255" r="0"/>
   </stopData>
   <stopData position="0.833">
    <colorData b="255" g="0" a="255" r="255"/>
   </stopData>
   <stopData position="1">
    <colorData b="0" g="0" a="255" r="255"/>
   </stopData>
  </gradientData>
 </gradient>
 <gradient name="Sky">
  <gradientData coordinateMode="StretchToDeviceMode" spread="PadSpread" startY="1" endX="0" endY="0" type="LinearGradient" startX="0">
   <stopData position="0">
    <colorData b="0" g="0" a="255" r="0"/>
   </stopData>
   <stopData position="0.05">
    <colorData b="73" g="8" a="255" r="14"/>
   </stopData>
   <stopData position="0.36">
    <colorData b="145" g="17" a="255" r="28"/>
   </stopData>
   <stopData position="0.6">
    <colorData b="81" g="14" a="255" r="126"/>
   </stopData>
   <stopData position="0.75">
    <colorData b="11" g="11" a="255" r="234"/>
   </stopData>
   <stopData position="0.79">
    <colorData b="5" g="70" a="255" r="244"/>
   </stopData>
   <stopData position="0.86">
    <colorData b="0" g="136" a="255" r="255"/>
   </stopData>
   <stopData position="0.935">
    <colorData b="55" g="236" a="255" r="239"/>
   </stopData>
  </gradientData>
 </gradient>
 <gradient name="SunRay">
  <gradientData coordinateMode="StretchToDeviceMode" spread="RepeatSpread" angle="135" centerY="0" centerX="0" type="ConicalGradient">
   <stopData position="0">
    <colorData b="0" g="255" a="69" r="255"/>
   </stopData>
   <stopData position="0.375">
    <colorData b="0" g="255" a="69" r="255"/>
   </stopData>
   <stopData position="0.423533">
    <colorData b="0" g="255" a="145" r="251"/>
   </stopData>
   <stopData position="0.45">
    <colorData b="0" g="255" a="208" r="247"/>
   </stopData>
   <stopData position="0.477581">
    <colorData b="71" g="244" a="130" r="255"/>
   </stopData>
   <stopData position="0.518717">
    <colorData b="71" g="218" a="130" r="255"/>
   </stopData>
   <stopData position="0.55">
    <colorData b="0" g="255" a="255" r="255"/>
   </stopData>
   <stopData position="0.57754">
    <colorData b="0" g="203" a="130" r="255"/>
   </stopData>
   <stopData position="0.625">
    <colorData b="0" g="255" a="69" r="255"/>
   </stopData>
   <stopData position="1">
    <colorData b="0" g="255" a="69" r="255"/>
   </stopData>
  </gradientData>
 </gradient>
 <gradient name="Tropical">
  <gradientData coordinateMode="StretchToDeviceMode" spread="PadSpread" startY="0" endX="1" endY="0" type="LinearGradient" startX="0">
   <stopData position="0">
    <colorData b="4" g="41" a="255" r="9"/>
   </stopData>
   <stopData position="0.085">
    <colorData b="0" g="79" a="255" r="2"/>
   </stopData>
   <stopData position="0.19">
    <colorData b="22" g="147" a="255" r="50"/>
   </stopData>
   <stopData position="0.275">
    <colorData b="49" g="191" a="255" r="236"/>
   </stopData>
   <stopData position="0.39">
    <colorData b="34" g="61" a="255" r="243"/>
   </stopData>
   <stopData position="0.555">
    <colorData b="60" g="81" a="255" r="135"/>
   </stopData>
   <stopData position="0.667">
    <colorData b="255" g="75" a="255" r="121"/>
   </stopData>
   <stopData position="0.825">
    <colorData b="244" g="255" a="255" r="164"/>
   </stopData>
   <stopData position="0.885">
    <colorData b="71" g="222" a="255" r="104"/>
   </stopData>
   <stopData position="1">
    <colorData b="0" g="128" a="255" r="93"/>
   </stopData>
  </gradientData>
 </gradient>
 <gradient name="Wave">
  <gradientData coordinateMode="StretchToDeviceMode" spread="RepeatSpread" centerY="0.5" focalX="0.5" centerX="0.5" focalY="0.5" radius="0.077" type="RadialGradient">
   <stopData position="0">
    <colorData b="255" g="169" a="147" r="0"/>
   </stopData>
   <stopData position="0.497326">
    <colorData b="0" g="0" a="147" r="0"/>
   </stopData>
   <stopData position="1">
    <colorData b="255" g="169" a="147" r="0"/>
   </stopData>
  </gradientData>
 </gradient>
 <gradient name="Wood">
  <gradientData coordinateMode="StretchToDeviceMode" spread="PadSpread" startY="0" endX="1" endY="0" type="LinearGradient" startX="0">
   <stopData position="0">
    <colorData b="102" g="178" a="255" r="255"/>
   </stopData>
   <stopData position="0.55">
    <colorData b="61" g="148" a="255" r="235"/>
   </stopData>
   <stopData position="0.98">
    <colorData b="0" g="0" a="255" r="0"/>
   </stopData>
   <stopData position="1">
    <colorData b="0" g="0" a="0" r="0"/>
   </stopData>
  </gradientData>
 </gradient>
</gradients>
